chemin, class, classe_LOC, classe_CLOC, classe_DC
C:\jfreechart-master\src\main\java\org\jfree\chart\ChartColor.java, ChartColor, 79, 149, 1.89
, C:\jfreechart-master\src\main\java\org\jfree\chart\ChartElement.java, ChartElement, 44, 48, 1.09
, C:\jfreechart-master\src\main\java\org\jfree\chart\ChartElementVisitor.java, ChartElementVisitor, 43, 47, 1.09
, C:\jfreechart-master\src\main\java\org\jfree\chart\ChartFactory.java, ChartFactory, 877, 1870, 2.13
, C:\jfreechart-master\src\main\java\org\jfree\chart\ChartHints.java, ChartHints, 68, 93, 1.37
, C:\jfreechart-master\src\main\java\org\jfree\chart\ChartRenderingInfo.java, ChartRenderingInfo, 134, 231, 1.72
, C:\jfreechart-master\src\main\java\org\jfree\chart\ChartTheme.java, ChartTheme, 47, 51, 1.09
, C:\jfreechart-master\src\main\java\org\jfree\chart\ChartTransferable.java, ChartTransferable, 130, 231, 1.78
, C:\jfreechart-master\src\main\java\org\jfree\chart\ChartUtils.java, ChartUtils, 395, 630, 1.59
, C:\jfreechart-master\src\main\java\org\jfree\chart\Drawable.java, Drawable, 37, 43, 1.16
, C:\jfreechart-master\src\main\java\org\jfree\chart\JFreeChart.java, JFreeChart, 727, 1504, 2.07
, C:\jfreechart-master\src\main\java\org\jfree\chart\package-info.java, package-info, 3, 4, 1.33
, C:\jfreechart-master\src\main\java\org\jfree\chart\StandardChartTheme.java, StandardChartTheme, 697, 1644, 2.36
][C:\jfreechart-master\src\main\java\org\jfree\chart\annotations\AbstractAnnotation.java, AbstractAnnotation, 130, 198, 1.52
, C:\jfreechart-master\src\main\java\org\jfree\chart\annotations\AbstractXYAnnotation.java, AbstractXYAnnotation, 109, 186, 1.71
, C:\jfreechart-master\src\main\java\org\jfree\chart\annotations\Annotation.java, Annotation, 50, 57, 1.14
, C:\jfreechart-master\src\main\java\org\jfree\chart\annotations\CategoryAnnotation.java, CategoryAnnotation, 50, 60, 1.2
, C:\jfreechart-master\src\main\java\org\jfree\chart\annotations\CategoryLineAnnotation.java, CategoryLineAnnotation, 192, 390, 2.03
, C:\jfreechart-master\src\main\java\org\jfree\chart\annotations\CategoryPointerAnnotation.java, CategoryPointerAnnotation, 243, 480, 1.98
, C:\jfreechart-master\src\main\java\org\jfree\chart\annotations\CategoryTextAnnotation.java, CategoryTextAnnotation, 123, 246, 2.0
, C:\jfreechart-master\src\main\java\org\jfree\chart\annotations\package-info.java, package-info, 3, 4, 1.33
, C:\jfreechart-master\src\main\java\org\jfree\chart\annotations\TextAnnotation.java, TextAnnotation, 177, 314, 1.77
, C:\jfreechart-master\src\main\java\org\jfree\chart\annotations\XYAnnotation.java, XYAnnotation, 53, 64, 1.21
, C:\jfreechart-master\src\main\java\org\jfree\chart\annotations\XYAnnotationBoundsInfo.java, XYAnnotationBoundsInfo, 57, 64, 1.12
, C:\jfreechart-master\src\main\java\org\jfree\chart\annotations\XYBoxAnnotation.java, XYBoxAnnotation, 166, 342, 2.06
, C:\jfreechart-master\src\main\java\org\jfree\chart\annotations\XYDataImageAnnotation.java, XYDataImageAnnotation, 176, 335, 1.9
, C:\jfreechart-master\src\main\java\org\jfree\chart\annotations\XYDrawableAnnotation.java, XYDrawableAnnotation, 128, 270, 2.11
, C:\jfreechart-master\src\main\java\org\jfree\chart\annotations\XYImageAnnotation.java, XYImageAnnotation, 138, 272, 1.97
, C:\jfreechart-master\src\main\java\org\jfree\chart\annotations\XYLineAnnotation.java, XYLineAnnotation, 151, 331, 2.19
, C:\jfreechart-master\src\main\java\org\jfree\chart\annotations\XYPointerAnnotation.java, XYPointerAnnotation, 242, 494, 2.04
, C:\jfreechart-master\src\main\java\org\jfree\chart\annotations\XYPolygonAnnotation.java, XYPolygonAnnotation, 150, 321, 2.14
, C:\jfreechart-master\src\main\java\org\jfree\chart\annotations\XYShapeAnnotation.java, XYShapeAnnotation, 120, 272, 2.27
, C:\jfreechart-master\src\main\java\org\jfree\chart\annotations\XYTextAnnotation.java, XYTextAnnotation, 301, 583, 1.94
, C:\jfreechart-master\src\main\java\org\jfree\chart\annotations\XYTitleAnnotation.java, XYTitleAnnotation, 147, 359, 2.44
][C:\jfreechart-master\src\main\java\org\jfree\chart\api\HorizontalAlignment.java, HorizontalAlignment, 42, 48, 1.14
, C:\jfreechart-master\src\main\java\org\jfree\chart\api\Layer.java, Layer, 32, 37, 1.16
, C:\jfreechart-master\src\main\java\org\jfree\chart\api\LengthAdjustmentType.java, LengthAdjustmentType, 41, 47, 1.15
, C:\jfreechart-master\src\main\java\org\jfree\chart\api\package-info.java, package-info, 3, 4, 1.33
, C:\jfreechart-master\src\main\java\org\jfree\chart\api\PublicCloneable.java, PublicCloneable, 48, 53, 1.1
, C:\jfreechart-master\src\main\java\org\jfree\chart\api\RectangleAlignment.java, RectangleAlignment, 48, 128, 2.67
, C:\jfreechart-master\src\main\java\org\jfree\chart\api\RectangleAnchor.java, RectangleAnchor, 57, 152, 2.67
, C:\jfreechart-master\src\main\java\org\jfree\chart\api\RectangleEdge.java, RectangleEdge, 65, 107, 1.65
, C:\jfreechart-master\src\main\java\org\jfree\chart\api\RectangleInsets.java, RectangleInsets, 238, 483, 2.03
, C:\jfreechart-master\src\main\java\org\jfree\chart\api\Rotation.java, Rotation, 55, 67, 1.22
, C:\jfreechart-master\src\main\java\org\jfree\chart\api\SortOrder.java, SortOrder, 39, 44, 1.13
, C:\jfreechart-master\src\main\java\org\jfree\chart\api\TableOrder.java, TableOrder, 39, 44, 1.13
, C:\jfreechart-master\src\main\java\org\jfree\chart\api\UnitType.java, UnitType, 39, 44, 1.13
, C:\jfreechart-master\src\main\java\org\jfree\chart\api\VerticalAlignment.java, VerticalAlignment, 42, 48, 1.14
, C:\jfreechart-master\src\main\java\org\jfree\chart\api\XYCoordinateType.java, XYCoordinateType, 47, 53, 1.13
][C:\jfreechart-master\src\main\java\org\jfree\chart\axis\Axis.java, Axis, 748, 1536, 2.05
, C:\jfreechart-master\src\main\java\org\jfree\chart\axis\AxisCollection.java, AxisCollection, 78, 127, 1.63
, C:\jfreechart-master\src\main\java\org\jfree\chart\axis\AxisLabelLocation.java, AxisLabelLocation, 41, 47, 1.15
, C:\jfreechart-master\src\main\java\org\jfree\chart\axis\AxisLocation.java, AxisLocation, 55, 81, 1.47
, C:\jfreechart-master\src\main\java\org\jfree\chart\axis\AxisSpace.java, AxisSpace, 153, 342, 2.24
, C:\jfreechart-master\src\main\java\org\jfree\chart\axis\AxisState.java, AxisState, 109, 175, 1.61
, C:\jfreechart-master\src\main\java\org\jfree\chart\axis\CategoryAnchor.java, CategoryAnchor, 42, 48, 1.14
, C:\jfreechart-master\src\main\java\org\jfree\chart\axis\CategoryAxis.java, CategoryAxis, 571, 1296, 2.27
, C:\jfreechart-master\src\main\java\org\jfree\chart\axis\CategoryLabelPosition.java, CategoryLabelPosition, 130, 229, 1.76
, C:\jfreechart-master\src\main\java\org\jfree\chart\axis\CategoryLabelPositions.java, CategoryLabelPositions, 169, 366, 2.17
, C:\jfreechart-master\src\main\java\org\jfree\chart\axis\CategoryLabelWidthType.java, CategoryLabelWidthType, 40, 45, 1.13
, C:\jfreechart-master\src\main\java\org\jfree\chart\axis\CategoryTick.java, CategoryTick, 77, 132, 1.71
, C:\jfreechart-master\src\main\java\org\jfree\chart\axis\CompassFormat.java, CompassFormat, 92, 140, 1.52
, C:\jfreechart-master\src\main\java\org\jfree\chart\axis\CyclicNumberAxis.java, CyclicNumberAxis, 395, 1048, 2.65
, C:\jfreechart-master\src\main\java\org\jfree\chart\axis\DateAxis.java, DateAxis, 608, 1670, 2.75
, C:\jfreechart-master\src\main\java\org\jfree\chart\axis\DateTick.java, DateTick, 78, 120, 1.54
, C:\jfreechart-master\src\main\java\org\jfree\chart\axis\DateTickMarkPosition.java, DateTickMarkPosition, 47, 53, 1.13
, C:\jfreechart-master\src\main\java\org\jfree\chart\axis\DateTickUnit.java, DateTickUnit, 177, 317, 1.79
, C:\jfreechart-master\src\main\java\org\jfree\chart\axis\DateTickUnitType.java, DateTickUnitType, 56, 74, 1.32
, C:\jfreechart-master\src\main\java\org\jfree\chart\axis\ExtendedCategoryAxis.java, ExtendedCategoryAxis, 124, 230, 1.85
, C:\jfreechart-master\src\main\java\org\jfree\chart\axis\LogarithmicAxis.java, LogarithmicAxis, 456, 951, 2.09
, C:\jfreechart-master\src\main\java\org\jfree\chart\axis\LogAxis.java, LogAxis, 403, 965, 2.39
, C:\jfreechart-master\src\main\java\org\jfree\chart\axis\LogTick.java, LogTick, 58, 72, 1.24
, C:\jfreechart-master\src\main\java\org\jfree\chart\axis\MarkerAxisBand.java, MarkerAxisBand, 109, 242, 2.22
, C:\jfreechart-master\src\main\java\org\jfree\chart\axis\ModuloAxis.java, ModuloAxis, 187, 398, 2.13
, C:\jfreechart-master\src\main\java\org\jfree\chart\axis\MonthDateFormat.java, MonthDateFormat, 132, 230, 1.74
, C:\jfreechart-master\src\main\java\org\jfree\chart\axis\NumberAxis.java, NumberAxis, 430, 1024, 2.38
, C:\jfreechart-master\src\main\java\org\jfree\chart\axis\NumberTick.java, NumberTick, 65, 84, 1.29
, C:\jfreechart-master\src\main\java\org\jfree\chart\axis\NumberTickUnit.java, NumberTickUnit, 84, 139, 1.65
, C:\jfreechart-master\src\main\java\org\jfree\chart\axis\NumberTickUnitSource.java, NumberTickUnitSource, 57, 214, 3.75
, C:\jfreechart-master\src\main\java\org\jfree\chart\axis\package-info.java, package-info, 3, 4, 1.33
, C:\jfreechart-master\src\main\java\org\jfree\chart\axis\PeriodAxis.java, PeriodAxis, 429, 1098, 2.56
, C:\jfreechart-master\src\main\java\org\jfree\chart\axis\PeriodAxisLabelInfo.java, PeriodAxisLabelInfo, 162, 320, 1.98
, C:\jfreechart-master\src\main\java\org\jfree\chart\axis\QuarterDateFormat.java, QuarterDateFormat, 96, 177, 1.84
, C:\jfreechart-master\src\main\java\org\jfree\chart\axis\StandardTickUnitSource.java, StandardTickUnitSource, 80, 119, 1.49
, C:\jfreechart-master\src\main\java\org\jfree\chart\axis\SubCategoryAxis.java, SubCategoryAxis, 165, 397, 2.41
, C:\jfreechart-master\src\main\java\org\jfree\chart\axis\SymbolAxis.java, SymbolAxis, 262, 681, 2.6
, C:\jfreechart-master\src\main\java\org\jfree\chart\axis\Tick.java, Tick, 92, 157, 1.71
, C:\jfreechart-master\src\main\java\org\jfree\chart\axis\TickType.java, TickType, 40, 45, 1.13
, C:\jfreechart-master\src\main\java\org\jfree\chart\axis\TickUnit.java, TickUnit, 103, 167, 1.62
, C:\jfreechart-master\src\main\java\org\jfree\chart\axis\TickUnits.java, TickUnits, 123, 195, 1.59
, C:\jfreechart-master\src\main\java\org\jfree\chart\axis\TickUnitSource.java, TickUnitSource, 68, 74, 1.09
, C:\jfreechart-master\src\main\java\org\jfree\chart\axis\Timeline.java, Timeline, 122, 133, 1.09
, C:\jfreechart-master\src\main\java\org\jfree\chart\axis\ValueAxis.java, ValueAxis, 756, 1523, 2.01
, C:\jfreechart-master\src\main\java\org\jfree\chart\axis\ValueTick.java, ValueTick, 81, 123, 1.52
][C:\jfreechart-master\src\main\java\org\jfree\chart\block\AbstractBlock.java, AbstractBlock, 326, 585, 1.79
, C:\jfreechart-master\src\main\java\org\jfree\chart\block\Arrangement.java, Arrangement, 61, 68, 1.11
, C:\jfreechart-master\src\main\java\org\jfree\chart\block\Block.java, Block, 88, 101, 1.15
, C:\jfreechart-master\src\main\java\org\jfree\chart\block\BlockBorder.java, BlockBorder, 113, 214, 1.89
, C:\jfreechart-master\src\main\java\org\jfree\chart\block\BlockContainer.java, BlockContainer, 128, 254, 1.98
, C:\jfreechart-master\src\main\java\org\jfree\chart\block\BlockFrame.java, BlockFrame, 51, 60, 1.18
, C:\jfreechart-master\src\main\java\org\jfree\chart\block\BlockParams.java, BlockParams, 95, 125, 1.32
, C:\jfreechart-master\src\main\java\org\jfree\chart\block\BlockResult.java, BlockResult, 57, 72, 1.26
, C:\jfreechart-master\src\main\java\org\jfree\chart\block\BorderArrangement.java, BorderArrangement, 130, 511, 3.93
, C:\jfreechart-master\src\main\java\org\jfree\chart\block\CenterArrangement.java, CenterArrangement, 161, 300, 1.86
, C:\jfreechart-master\src\main\java\org\jfree\chart\block\ColorBlock.java, ColorBlock, 103, 175, 1.7
, C:\jfreechart-master\src\main\java\org\jfree\chart\block\ColumnArrangement.java, ColumnArrangement, 150, 356, 2.37
, C:\jfreechart-master\src\main\java\org\jfree\chart\block\EmptyBlock.java, EmptyBlock, 78, 111, 1.42
, C:\jfreechart-master\src\main\java\org\jfree\chart\block\EntityBlockParams.java, EntityBlockParams, 50, 54, 1.08
, C:\jfreechart-master\src\main\java\org\jfree\chart\block\EntityBlockResult.java, EntityBlockResult, 48, 53, 1.1
, C:\jfreechart-master\src\main\java\org\jfree\chart\block\FlowArrangement.java, FlowArrangement, 178, 411, 2.31
, C:\jfreechart-master\src\main\java\org\jfree\chart\block\GridArrangement.java, GridArrangement, 166, 408, 2.46
, C:\jfreechart-master\src\main\java\org\jfree\chart\block\LabelBlock.java, LabelBlock, 204, 383, 1.88
, C:\jfreechart-master\src\main\java\org\jfree\chart\block\LengthConstraintType.java, LengthConstraintType, 46, 52, 1.13
, C:\jfreechart-master\src\main\java\org\jfree\chart\block\LineBorder.java, LineBorder, 96, 214, 2.23
, C:\jfreechart-master\src\main\java\org\jfree\chart\block\package-info.java, package-info, 3, 4, 1.33
, C:\jfreechart-master\src\main\java\org\jfree\chart\block\RectangleConstraint.java, RectangleConstraint, 171, 320, 1.87
, C:\jfreechart-master\src\main\java\org\jfree\chart\block\Size2D.java, Size2D, 90, 149, 1.66
][C:\jfreechart-master\src\main\java\org\jfree\chart\date\MonthConstants.java, MonthConstants, 50, 65, 1.3
, C:\jfreechart-master\src\main\java\org\jfree\chart\date\package-info.java, package-info, 3, 4, 1.33
, C:\jfreechart-master\src\main\java\org\jfree\chart\date\SerialDate.java, SerialDate, 501, 856, 1.71
, C:\jfreechart-master\src\main\java\org\jfree\chart\date\SpreadsheetDate.java, SpreadsheetDate, 230, 405, 1.76
][C:\jfreechart-master\src\main\java\org\jfree\chart\encoders\EncoderUtil.java, EncoderUtil, 125, 178, 1.42
, C:\jfreechart-master\src\main\java\org\jfree\chart\encoders\ImageEncoder.java, ImageEncoder, 82, 95, 1.16
, C:\jfreechart-master\src\main\java\org\jfree\chart\encoders\ImageEncoderFactory.java, ImageEncoderFactory, 91, 143, 1.57
, C:\jfreechart-master\src\main\java\org\jfree\chart\encoders\ImageFormat.java, ImageFormat, 46, 52, 1.13
, C:\jfreechart-master\src\main\java\org\jfree\chart\encoders\package-info.java, package-info, 3, 4, 1.33
, C:\jfreechart-master\src\main\java\org\jfree\chart\encoders\SunJPEGEncoderAdapter.java, SunJPEGEncoderAdapter, 97, 156, 1.61
, C:\jfreechart-master\src\main\java\org\jfree\chart\encoders\SunPNGEncoderAdapter.java, SunPNGEncoderAdapter, 81, 117, 1.44
][C:\jfreechart-master\src\main\java\org\jfree\chart\entity\AxisEntity.java, AxisEntity, 112, 191, 1.71
, C:\jfreechart-master\src\main\java\org\jfree\chart\entity\CategoryItemEntity.java, CategoryItemEntity, 110, 175, 1.59
, C:\jfreechart-master\src\main\java\org\jfree\chart\entity\CategoryLabelEntity.java, CategoryLabelEntity, 72, 117, 1.63
, C:\jfreechart-master\src\main\java\org\jfree\chart\entity\ChartEntity.java, ChartEntity, 190, 371, 1.95
, C:\jfreechart-master\src\main\java\org\jfree\chart\entity\EntityCollection.java, EntityCollection, 82, 95, 1.16
, C:\jfreechart-master\src\main\java\org\jfree\chart\entity\FlowEntity.java, FlowEntity, 66, 104, 1.58
, C:\jfreechart-master\src\main\java\org\jfree\chart\entity\JFreeChartEntity.java, JFreeChartEntity, 111, 190, 1.71
, C:\jfreechart-master\src\main\java\org\jfree\chart\entity\LegendItemEntity.java, LegendItemEntity, 98, 154, 1.57
, C:\jfreechart-master\src\main\java\org\jfree\chart\entity\NodeEntity.java, NodeEntity, 65, 88, 1.35
, C:\jfreechart-master\src\main\java\org\jfree\chart\entity\package-info.java, package-info, 3, 4, 1.33
, C:\jfreechart-master\src\main\java\org\jfree\chart\entity\PieSectionEntity.java, PieSectionEntity, 130, 211, 1.62
, C:\jfreechart-master\src\main\java\org\jfree\chart\entity\PlotEntity.java, PlotEntity, 111, 190, 1.71
, C:\jfreechart-master\src\main\java\org\jfree\chart\entity\StandardEntityCollection.java, StandardEntityCollection, 104, 190, 1.83
, C:\jfreechart-master\src\main\java\org\jfree\chart\entity\TickLabelEntity.java, TickLabelEntity, 47, 57, 1.21
, C:\jfreechart-master\src\main\java\org\jfree\chart\entity\TitleEntity.java, TitleEntity, 111, 190, 1.71
, C:\jfreechart-master\src\main\java\org\jfree\chart\entity\XYAnnotationEntity.java, XYAnnotationEntity, 66, 101, 1.53
, C:\jfreechart-master\src\main\java\org\jfree\chart\entity\XYItemEntity.java, XYItemEntity, 97, 153, 1.58
][C:\jfreechart-master\src\main\java\org\jfree\chart\event\AnnotationChangeEvent.java, AnnotationChangeEvent, 52, 66, 1.27
, C:\jfreechart-master\src\main\java\org\jfree\chart\event\AnnotationChangeListener.java, AnnotationChangeListener, 44, 50, 1.14
, C:\jfreechart-master\src\main\java\org\jfree\chart\event\AxisChangeEvent.java, AxisChangeEvent, 51, 62, 1.22
, C:\jfreechart-master\src\main\java\org\jfree\chart\event\AxisChangeListener.java, AxisChangeListener, 50, 55, 1.1
, C:\jfreechart-master\src\main\java\org\jfree\chart\event\ChartChangeEvent.java, ChartChangeEvent, 81, 115, 1.42
, C:\jfreechart-master\src\main\java\org\jfree\chart\event\ChartChangeEventType.java, ChartChangeEventType, 41, 47, 1.15
, C:\jfreechart-master\src\main\java\org\jfree\chart\event\ChartChangeListener.java, ChartChangeListener, 47, 52, 1.11
, C:\jfreechart-master\src\main\java\org\jfree\chart\event\ChartProgressEvent.java, ChartProgressEvent, 80, 115, 1.44
, C:\jfreechart-master\src\main\java\org\jfree\chart\event\ChartProgressEventType.java, ChartProgressEventType, 40, 45, 1.13
, C:\jfreechart-master\src\main\java\org\jfree\chart\event\ChartProgressListener.java, ChartProgressListener, 44, 49, 1.11
, C:\jfreechart-master\src\main\java\org\jfree\chart\event\MarkerChangeEvent.java, MarkerChangeEvent, 52, 63, 1.21
, C:\jfreechart-master\src\main\java\org\jfree\chart\event\MarkerChangeListener.java, MarkerChangeListener, 44, 50, 1.14
, C:\jfreechart-master\src\main\java\org\jfree\chart\event\package-info.java, package-info, 5, 6, 1.2
, C:\jfreechart-master\src\main\java\org\jfree\chart\event\PlotChangeEvent.java, PlotChangeEvent, 52, 64, 1.23
, C:\jfreechart-master\src\main\java\org\jfree\chart\event\PlotChangeListener.java, PlotChangeListener, 45, 50, 1.11
, C:\jfreechart-master\src\main\java\org\jfree\chart\event\RendererChangeEvent.java, RendererChangeEvent, 68, 87, 1.28
, C:\jfreechart-master\src\main\java\org\jfree\chart\event\RendererChangeListener.java, RendererChangeListener, 44, 49, 1.11
, C:\jfreechart-master\src\main\java\org\jfree\chart\event\TitleChangeEvent.java, TitleChangeEvent, 49, 61, 1.24
, C:\jfreechart-master\src\main\java\org\jfree\chart\event\TitleChangeListener.java, TitleChangeListener, 45, 50, 1.11
][C:\jfreechart-master\src\main\java\org\jfree\chart\imagemap\DynamicDriveToolTipTagFragmentGenerator.java, DynamicDriveToolTipTagFragmentGenerator, 66, 86, 1.3
, C:\jfreechart-master\src\main\java\org\jfree\chart\imagemap\ImageMapUtils.java, ImageMapUtils, 116, 239, 2.06
, C:\jfreechart-master\src\main\java\org\jfree\chart\imagemap\OverLIBToolTipTagFragmentGenerator.java, OverLIBToolTipTagFragmentGenerator, 56, 69, 1.23
, C:\jfreechart-master\src\main\java\org\jfree\chart\imagemap\package-info.java, package-info, 3, 4, 1.33
, C:\jfreechart-master\src\main\java\org\jfree\chart\imagemap\StandardToolTipTagFragmentGenerator.java, StandardToolTipTagFragmentGenerator, 53, 65, 1.23
, C:\jfreechart-master\src\main\java\org\jfree\chart\imagemap\StandardURLTagFragmentGenerator.java, StandardURLTagFragmentGenerator, 55, 66, 1.2
, C:\jfreechart-master\src\main\java\org\jfree\chart\imagemap\ToolTipTagFragmentGenerator.java, ToolTipTagFragmentGenerator, 57, 61, 1.07
, C:\jfreechart-master\src\main\java\org\jfree\chart\imagemap\URLTagFragmentGenerator.java, URLTagFragmentGenerator, 54, 62, 1.15
][C:\jfreechart-master\src\main\java\org\jfree\chart\internal\Args.java, Args, 80, 114, 1.42
, C:\jfreechart-master\src\main\java\org\jfree\chart\internal\ArrayUtils.java, ArrayUtils, 82, 188, 2.29
, C:\jfreechart-master\src\main\java\org\jfree\chart\internal\CloneUtils.java, CloneUtils, 85, 174, 2.05
, C:\jfreechart-master\src\main\java\org\jfree\chart\internal\HashUtils.java, HashUtils, 127, 192, 1.51
, C:\jfreechart-master\src\main\java\org\jfree\chart\internal\LineUtils.java, LineUtils, 68, 151, 2.22
, C:\jfreechart-master\src\main\java\org\jfree\chart\internal\package-info.java, package-info, 3, 4, 1.33
, C:\jfreechart-master\src\main\java\org\jfree\chart\internal\PaintUtils.java, PaintUtils, 84, 201, 2.39
, C:\jfreechart-master\src\main\java\org\jfree\chart\internal\SerialUtils.java, SerialUtils, 221, 634, 2.87
, C:\jfreechart-master\src\main\java\org\jfree\chart\internal\ShapeUtils.java, ShapeUtils, 227, 489, 2.15
][C:\jfreechart-master\src\main\java\org\jfree\chart\labels\AbstractCategoryItemLabelGenerator.java, AbstractCategoryItemLabelGenerator, 151, 286, 1.89
, C:\jfreechart-master\src\main\java\org\jfree\chart\labels\AbstractPieItemLabelGenerator.java, AbstractPieItemLabelGenerator, 110, 213, 1.94
, C:\jfreechart-master\src\main\java\org\jfree\chart\labels\AbstractXYItemLabelGenerator.java, AbstractXYItemLabelGenerator, 160, 315, 1.97
, C:\jfreechart-master\src\main\java\org\jfree\chart\labels\BoxAndWhiskerToolTipGenerator.java, BoxAndWhiskerToolTipGenerator, 81, 133, 1.64
, C:\jfreechart-master\src\main\java\org\jfree\chart\labels\BoxAndWhiskerXYToolTipGenerator.java, BoxAndWhiskerXYToolTipGenerator, 85, 142, 1.67
, C:\jfreechart-master\src\main\java\org\jfree\chart\labels\BubbleXYItemLabelGenerator.java, BubbleXYItemLabelGenerator, 127, 242, 1.91
, C:\jfreechart-master\src\main\java\org\jfree\chart\labels\CategoryItemLabelGenerator.java, CategoryItemLabelGenerator, 70, 77, 1.1
, C:\jfreechart-master\src\main\java\org\jfree\chart\labels\CategorySeriesLabelGenerator.java, CategorySeriesLabelGenerator, 51, 56, 1.1
, C:\jfreechart-master\src\main\java\org\jfree\chart\labels\CategoryToolTipGenerator.java, CategoryToolTipGenerator, 56, 61, 1.09
, C:\jfreechart-master\src\main\java\org\jfree\chart\labels\CrosshairLabelGenerator.java, CrosshairLabelGenerator, 45, 50, 1.11
, C:\jfreechart-master\src\main\java\org\jfree\chart\labels\CustomXYToolTipGenerator.java, CustomXYToolTipGenerator, 92, 169, 1.84
, C:\jfreechart-master\src\main\java\org\jfree\chart\labels\FlowLabelGenerator.java, FlowLabelGenerator, 48, 54, 1.13
, C:\jfreechart-master\src\main\java\org\jfree\chart\labels\HighLowItemLabelGenerator.java, HighLowItemLabelGenerator, 93, 198, 2.13
, C:\jfreechart-master\src\main\java\org\jfree\chart\labels\IntervalCategoryItemLabelGenerator.java, IntervalCategoryItemLabelGenerator, 68, 122, 1.79
, C:\jfreechart-master\src\main\java\org\jfree\chart\labels\IntervalCategoryToolTipGenerator.java, IntervalCategoryToolTipGenerator, 77, 141, 1.83
, C:\jfreechart-master\src\main\java\org\jfree\chart\labels\IntervalXYItemLabelGenerator.java, IntervalXYItemLabelGenerator, 119, 247, 2.08
, C:\jfreechart-master\src\main\java\org\jfree\chart\labels\IntervalXYToolTipGenerator.java, IntervalXYToolTipGenerator, 119, 243, 2.04
, C:\jfreechart-master\src\main\java\org\jfree\chart\labels\ItemLabelAnchor.java, ItemLabelAnchor, 64, 92, 1.44
, C:\jfreechart-master\src\main\java\org\jfree\chart\labels\ItemLabelPosition.java, ItemLabelPosition, 94, 170, 1.81
, C:\jfreechart-master\src\main\java\org\jfree\chart\labels\MultipleXYSeriesLabelGenerator.java, MultipleXYSeriesLabelGenerator, 100, 212, 2.12
, C:\jfreechart-master\src\main\java\org\jfree\chart\labels\package-info.java, package-info, 3, 4, 1.33
, C:\jfreechart-master\src\main\java\org\jfree\chart\labels\PieSectionLabelGenerator.java, PieSectionLabelGenerator, 74, 85, 1.15
, C:\jfreechart-master\src\main\java\org\jfree\chart\labels\PieToolTipGenerator.java, PieToolTipGenerator, 49, 54, 1.1
, C:\jfreechart-master\src\main\java\org\jfree\chart\labels\StandardCategoryItemLabelGenerator.java, StandardCategoryItemLabelGenerator, 86, 133, 1.55
, C:\jfreechart-master\src\main\java\org\jfree\chart\labels\StandardCategorySeriesLabelGenerator.java, StandardCategorySeriesLabelGenerator, 87, 144, 1.66
, C:\jfreechart-master\src\main\java\org\jfree\chart\labels\StandardCategoryToolTipGenerator.java, StandardCategoryToolTipGenerator, 76, 119, 1.57
, C:\jfreechart-master\src\main\java\org\jfree\chart\labels\StandardCrosshairLabelGenerator.java, StandardCrosshairLabelGenerator, 80, 137, 1.71
, C:\jfreechart-master\src\main\java\org\jfree\chart\labels\StandardFlowLabelGenerator.java, StandardFlowLabelGenerator, 68, 115, 1.69
, C:\jfreechart-master\src\main\java\org\jfree\chart\labels\StandardPieSectionLabelGenerator.java, StandardPieSectionLabelGenerator, 145, 230, 1.59
, C:\jfreechart-master\src\main\java\org\jfree\chart\labels\StandardPieToolTipGenerator.java, StandardPieToolTipGenerator, 92, 129, 1.4
, C:\jfreechart-master\src\main\java\org\jfree\chart\labels\StandardXYItemLabelGenerator.java, StandardXYItemLabelGenerator, 115, 173, 1.5
, C:\jfreechart-master\src\main\java\org\jfree\chart\labels\StandardXYSeriesLabelGenerator.java, StandardXYSeriesLabelGenerator, 93, 151, 1.62
, C:\jfreechart-master\src\main\java\org\jfree\chart\labels\StandardXYToolTipGenerator.java, StandardXYToolTipGenerator, 115, 174, 1.51
, C:\jfreechart-master\src\main\java\org\jfree\chart\labels\StandardXYZToolTipGenerator.java, StandardXYZToolTipGenerator, 122, 231, 1.89
, C:\jfreechart-master\src\main\java\org\jfree\chart\labels\SymbolicXYItemLabelGenerator.java, SymbolicXYItemLabelGenerator, 87, 156, 1.79
, C:\jfreechart-master\src\main\java\org\jfree\chart\labels\XYItemLabelGenerator.java, XYItemLabelGenerator, 49, 54, 1.1
, C:\jfreechart-master\src\main\java\org\jfree\chart\labels\XYSeriesLabelGenerator.java, XYSeriesLabelGenerator, 52, 57, 1.1
, C:\jfreechart-master\src\main\java\org\jfree\chart\labels\XYToolTipGenerator.java, XYToolTipGenerator, 48, 53, 1.1
, C:\jfreechart-master\src\main\java\org\jfree\chart\labels\XYZToolTipGenerator.java, XYZToolTipGenerator, 48, 53, 1.1
][C:\jfreechart-master\src\main\java\org\jfree\chart\legend\LegendGraphic.java, LegendGraphic, 349, 683, 1.96
, C:\jfreechart-master\src\main\java\org\jfree\chart\legend\LegendItem.java, LegendItem, 539, 983, 1.82
, C:\jfreechart-master\src\main\java\org\jfree\chart\legend\LegendItemBlockContainer.java, LegendItemBlockContainer, 101, 170, 1.68
, C:\jfreechart-master\src\main\java\org\jfree\chart\legend\LegendItemCollection.java, LegendItemCollection, 86, 142, 1.65
, C:\jfreechart-master\src\main\java\org\jfree\chart\legend\LegendItemSource.java, LegendItemSource, 45, 50, 1.11
, C:\jfreechart-master\src\main\java\org\jfree\chart\legend\LegendRenderingOrder.java, LegendRenderingOrder, 40, 45, 1.13
, C:\jfreechart-master\src\main\java\org\jfree\chart\legend\LegendTitle.java, LegendTitle, 270, 617, 2.29
, C:\jfreechart-master\src\main\java\org\jfree\chart\legend\package-info.java, package-info, 3, 4, 1.33
, C:\jfreechart-master\src\main\java\org\jfree\chart\legend\PaintScaleLegend.java, PaintScaleLegend, 271, 662, 2.44
][C:\jfreechart-master\src\main\java\org\jfree\chart\plot\CategoryCrosshairState.java, CategoryCrosshairState, 93, 157, 1.69
, C:\jfreechart-master\src\main\java\org\jfree\chart\plot\CategoryMarker.java, CategoryMarker, 105, 174, 1.66
, C:\jfreechart-master\src\main\java\org\jfree\chart\plot\CategoryPlot.java, CategoryPlot, 2110, 4523, 2.14
, C:\jfreechart-master\src\main\java\org\jfree\chart\plot\CenterTextMode.java, CenterTextMode, 41, 47, 1.15
, C:\jfreechart-master\src\main\java\org\jfree\chart\plot\CombinedDomainCategoryPlot.java, CombinedDomainCategoryPlot, 255, 613, 2.4
, C:\jfreechart-master\src\main\java\org\jfree\chart\plot\CombinedDomainXYPlot.java, CombinedDomainXYPlot, 300, 691, 2.3
, C:\jfreechart-master\src\main\java\org\jfree\chart\plot\CombinedRangeCategoryPlot.java, CombinedRangeCategoryPlot, 209, 515, 2.46
, C:\jfreechart-master\src\main\java\org\jfree\chart\plot\CombinedRangeXYPlot.java, CombinedRangeXYPlot, 277, 646, 2.33
, C:\jfreechart-master\src\main\java\org\jfree\chart\plot\Crosshair.java, Crosshair, 377, 674, 1.79
, C:\jfreechart-master\src\main\java\org\jfree\chart\plot\CrosshairState.java, CrosshairState, 215, 324, 1.51
, C:\jfreechart-master\src\main\java\org\jfree\chart\plot\DatasetRenderingOrder.java, DatasetRenderingOrder, 55, 60, 1.09
, C:\jfreechart-master\src\main\java\org\jfree\chart\plot\DefaultDrawingSupplier.java, DefaultDrawingSupplier, 187, 463, 2.48
, C:\jfreechart-master\src\main\java\org\jfree\chart\plot\DialShape.java, DialShape, 42, 48, 1.14
, C:\jfreechart-master\src\main\java\org\jfree\chart\plot\DrawingSupplier.java, DrawingSupplier, 76, 88, 1.16
, C:\jfreechart-master\src\main\java\org\jfree\chart\plot\FastScatterPlot.java, FastScatterPlot, 467, 974, 2.09
, C:\jfreechart-master\src\main\java\org\jfree\chart\plot\IntervalMarker.java, IntervalMarker, 115, 197, 1.71
, C:\jfreechart-master\src\main\java\org\jfree\chart\plot\Marker.java, Marker, 335, 603, 1.8
, C:\jfreechart-master\src\main\java\org\jfree\chart\plot\MeterInterval.java, MeterInterval, 109, 198, 1.82
, C:\jfreechart-master\src\main\java\org\jfree\chart\plot\MeterPlot.java, MeterPlot, 520, 1163, 2.24
, C:\jfreechart-master\src\main\java\org\jfree\chart\plot\package-info.java, package-info, 3, 4, 1.33
, C:\jfreechart-master\src\main\java\org\jfree\chart\plot\Pannable.java, Pannable, 69, 80, 1.16
, C:\jfreechart-master\src\main\java\org\jfree\chart\plot\Plot.java, Plot, 668, 1319, 1.97
, C:\jfreechart-master\src\main\java\org\jfree\chart\plot\PlotOrientation.java, PlotOrientation, 54, 65, 1.2
, C:\jfreechart-master\src\main\java\org\jfree\chart\plot\PlotRenderingInfo.java, PlotRenderingInfo, 147, 264, 1.8
, C:\jfreechart-master\src\main\java\org\jfree\chart\plot\PlotState.java, PlotState, 47, 61, 1.3
, C:\jfreechart-master\src\main\java\org\jfree\chart\plot\PolarAxisLocation.java, PolarAxisLocation, 51, 62, 1.22
, C:\jfreechart-master\src\main\java\org\jfree\chart\plot\PolarPlot.java, PolarPlot, 854, 1841, 2.16
, C:\jfreechart-master\src\main\java\org\jfree\chart\plot\RingPlot.java, RingPlot, 302, 630, 2.09
, C:\jfreechart-master\src\main\java\org\jfree\chart\plot\SeriesRenderingOrder.java, SeriesRenderingOrder, 53, 58, 1.09
, C:\jfreechart-master\src\main\java\org\jfree\chart\plot\SpiderWebPlot.java, SpiderWebPlot, 605, 1281, 2.12
, C:\jfreechart-master\src\main\java\org\jfree\chart\plot\ThermometerPlot.java, ThermometerPlot, 682, 1444, 2.12
, C:\jfreechart-master\src\main\java\org\jfree\chart\plot\ValueAxisPlot.java, ValueAxisPlot, 47, 53, 1.13
, C:\jfreechart-master\src\main\java\org\jfree\chart\plot\ValueMarker.java, ValueMarker, 92, 135, 1.47
, C:\jfreechart-master\src\main\java\org\jfree\chart\plot\WaferMapPlot.java, WaferMapPlot, 156, 389, 2.49
, C:\jfreechart-master\src\main\java\org\jfree\chart\plot\XYCrosshairState.java, XYCrosshairState, 46, 52, 1.13
, C:\jfreechart-master\src\main\java\org\jfree\chart\plot\XYPlot.java, XYPlot, 2259, 4981, 2.2
, C:\jfreechart-master\src\main\java\org\jfree\chart\plot\Zoomable.java, Zoomable, 133, 151, 1.14
][C:\jfreechart-master\src\main\java\org\jfree\chart\plot\compass\ArrowNeedle.java, ArrowNeedle, 78, 156, 2.0
, C:\jfreechart-master\src\main\java\org\jfree\chart\plot\compass\CompassPlot.java, CompassPlot, 338, 776, 2.3
, C:\jfreechart-master\src\main\java\org\jfree\chart\plot\compass\LineNeedle.java, LineNeedle, 69, 110, 1.59
, C:\jfreechart-master\src\main\java\org\jfree\chart\plot\compass\LongNeedle.java, LongNeedle, 74, 161, 2.18
, C:\jfreechart-master\src\main\java\org\jfree\chart\plot\compass\MeterNeedle.java, MeterNeedle, 198, 376, 1.9
, C:\jfreechart-master\src\main\java\org\jfree\chart\plot\compass\MiddlePinNeedle.java, MiddlePinNeedle, 71, 132, 1.86
, C:\jfreechart-master\src\main\java\org\jfree\chart\plot\compass\package-info.java, package-info, 3, 4, 1.33
, C:\jfreechart-master\src\main\java\org\jfree\chart\plot\compass\PinNeedle.java, PinNeedle, 71, 130, 1.83
, C:\jfreechart-master\src\main\java\org\jfree\chart\plot\compass\PlumNeedle.java, PlumNeedle, 69, 120, 1.74
, C:\jfreechart-master\src\main\java\org\jfree\chart\plot\compass\PointerNeedle.java, PointerNeedle, 70, 140, 2.0
, C:\jfreechart-master\src\main\java\org\jfree\chart\plot\compass\ShipNeedle.java, ShipNeedle, 70, 119, 1.7
, C:\jfreechart-master\src\main\java\org\jfree\chart\plot\compass\WindNeedle.java, WindNeedle, 65, 109, 1.68
][C:\jfreechart-master\src\main\java\org\jfree\chart\plot\dial\AbstractDialLayer.java, AbstractDialLayer, 119, 193, 1.62
, C:\jfreechart-master\src\main\java\org\jfree\chart\plot\dial\ArcDialFrame.java, ArcDialFrame, 239, 467, 1.95
, C:\jfreechart-master\src\main\java\org\jfree\chart\plot\dial\DialBackground.java, DialBackground, 142, 242, 1.7
, C:\jfreechart-master\src\main\java\org\jfree\chart\plot\dial\DialCap.java, DialCap, 174, 305, 1.75
, C:\jfreechart-master\src\main\java\org\jfree\chart\plot\dial\DialFrame.java, DialFrame, 52, 59, 1.13
, C:\jfreechart-master\src\main\java\org\jfree\chart\plot\dial\DialLayer.java, DialLayer, 88, 102, 1.16
, C:\jfreechart-master\src\main\java\org\jfree\chart\plot\dial\DialLayerChangeEvent.java, DialLayerChangeEvent, 50, 62, 1.24
, C:\jfreechart-master\src\main\java\org\jfree\chart\plot\dial\DialLayerChangeListener.java, DialLayerChangeListener, 46, 51, 1.11
, C:\jfreechart-master\src\main\java\org\jfree\chart\plot\dial\DialPlot.java, DialPlot, 379, 752, 1.98
, C:\jfreechart-master\src\main\java\org\jfree\chart\plot\dial\DialPointer.java, DialPointer, 283, 562, 1.99
, C:\jfreechart-master\src\main\java\org\jfree\chart\plot\dial\DialScale.java, DialScale, 58, 63, 1.09
, C:\jfreechart-master\src\main\java\org\jfree\chart\plot\dial\DialTextAnnotation.java, DialTextAnnotation, 202, 361, 1.79
, C:\jfreechart-master\src\main\java\org\jfree\chart\plot\dial\DialValueIndicator.java, DialValueIndicator, 363, 690, 1.9
, C:\jfreechart-master\src\main\java\org\jfree\chart\plot\dial\package-info.java, package-info, 3, 4, 1.33
, C:\jfreechart-master\src\main\java\org\jfree\chart\plot\dial\StandardDialFrame.java, StandardDialFrame, 173, 322, 1.86
, C:\jfreechart-master\src\main\java\org\jfree\chart\plot\dial\StandardDialRange.java, StandardDialRange, 210, 391, 1.86
, C:\jfreechart-master\src\main\java\org\jfree\chart\plot\dial\StandardDialScale.java, StandardDialScale, 501, 918, 1.83
][C:\jfreechart-master\src\main\java\org\jfree\chart\plot\flow\FlowPlot.java, FlowPlot, 300, 755, 2.52
, C:\jfreechart-master\src\main\java\org\jfree\chart\plot\flow\package-info.java, package-info, 3, 4, 1.33
][C:\jfreechart-master\src\main\java\org\jfree\chart\plot\pie\AbstractPieLabelDistributor.java, AbstractPieLabelDistributor, 72, 96, 1.33
, C:\jfreechart-master\src\main\java\org\jfree\chart\plot\pie\MultiplePiePlot.java, MultiplePiePlot, 220, 574, 2.61
, C:\jfreechart-master\src\main\java\org\jfree\chart\plot\pie\package-info.java, package-info, 3, 4, 1.33
, C:\jfreechart-master\src\main\java\org\jfree\chart\plot\pie\PieLabelDistributor.java, PieLabelDistributor, 93, 198, 2.13
, C:\jfreechart-master\src\main\java\org\jfree\chart\plot\pie\PieLabelLinkStyle.java, PieLabelLinkStyle, 42, 48, 1.14
, C:\jfreechart-master\src\main\java\org\jfree\chart\plot\pie\PieLabelRecord.java, PieLabelRecord, 139, 253, 1.82
, C:\jfreechart-master\src\main\java\org\jfree\chart\plot\pie\PiePlot.java, PiePlot, 1376, 2921, 2.12
, C:\jfreechart-master\src\main\java\org\jfree\chart\plot\pie\PiePlotState.java, PiePlotState, 158, 239, 1.51
][C:\jfreechart-master\src\main\java\org\jfree\chart\renderer\AbstractRenderer.java, AbstractRenderer, 1539, 2774, 1.8
, C:\jfreechart-master\src\main\java\org\jfree\chart\renderer\AreaRendererEndType.java, AreaRendererEndType, 52, 58, 1.12
, C:\jfreechart-master\src\main\java\org\jfree\chart\renderer\DefaultPolarItemRenderer.java, DefaultPolarItemRenderer, 350, 840, 2.4
, C:\jfreechart-master\src\main\java\org\jfree\chart\renderer\GrayPaintScale.java, GrayPaintScale, 121, 203, 1.68
, C:\jfreechart-master\src\main\java\org\jfree\chart\renderer\LookupPaintScale.java, LookupPaintScale, 165, 344, 2.08
, C:\jfreechart-master\src\main\java\org\jfree\chart\renderer\NotOutlierException.java, NotOutlierException, 51, 57, 1.12
, C:\jfreechart-master\src\main\java\org\jfree\chart\renderer\Outlier.java, Outlier, 126, 196, 1.56
, C:\jfreechart-master\src\main\java\org\jfree\chart\renderer\OutlierList.java, OutlierList, 107, 156, 1.46
, C:\jfreechart-master\src\main\java\org\jfree\chart\renderer\OutlierListCollection.java, OutlierListCollection, 108, 157, 1.45
, C:\jfreechart-master\src\main\java\org\jfree\chart\renderer\package-info.java, package-info, 3, 4, 1.33
, C:\jfreechart-master\src\main\java\org\jfree\chart\renderer\PaintScale.java, PaintScale, 65, 73, 1.12
, C:\jfreechart-master\src\main\java\org\jfree\chart\renderer\PolarItemRenderer.java, PolarItemRenderer, 147, 182, 1.24
, C:\jfreechart-master\src\main\java\org\jfree\chart\renderer\RendererState.java, RendererState, 72, 103, 1.43
, C:\jfreechart-master\src\main\java\org\jfree\chart\renderer\RendererUtils.java, RendererUtils, 94, 247, 2.63
, C:\jfreechart-master\src\main\java\org\jfree\chart\renderer\WaferMapRenderer.java, WaferMapRenderer, 145, 344, 2.37
][C:\jfreechart-master\src\main\java\org\jfree\chart\renderer\category\AbstractCategoryItemRenderer.java, AbstractCategoryItemRenderer, 618, 1542, 2.5
, C:\jfreechart-master\src\main\java\org\jfree\chart\renderer\category\AreaRenderer.java, AreaRenderer, 107, 299, 2.79
, C:\jfreechart-master\src\main\java\org\jfree\chart\renderer\category\BarPainter.java, BarPainter, 73, 84, 1.15
, C:\jfreechart-master\src\main\java\org\jfree\chart\renderer\category\BarRenderer.java, BarRenderer, 521, 1200, 2.3
, C:\jfreechart-master\src\main\java\org\jfree\chart\renderer\category\BoxAndWhiskerRenderer.java, BoxAndWhiskerRenderer, 419, 1012, 2.42
, C:\jfreechart-master\src\main\java\org\jfree\chart\renderer\category\CategoryItemRenderer.java, CategoryItemRenderer, 1269, 1439, 1.13
, C:\jfreechart-master\src\main\java\org\jfree\chart\renderer\category\CategoryItemRendererState.java, CategoryItemRendererState, 122, 186, 1.52
, C:\jfreechart-master\src\main\java\org\jfree\chart\renderer\category\CategoryStepRenderer.java, CategoryStepRenderer, 154, 324, 2.1
, C:\jfreechart-master\src\main\java\org\jfree\chart\renderer\category\DefaultCategoryItemRenderer.java, DefaultCategoryItemRenderer, 45, 52, 1.16
, C:\jfreechart-master\src\main\java\org\jfree\chart\renderer\category\GanttRenderer.java, GanttRenderer, 205, 555, 2.71
, C:\jfreechart-master\src\main\java\org\jfree\chart\renderer\category\GradientBarPainter.java, GradientBarPainter, 126, 340, 2.7
, C:\jfreechart-master\src\main\java\org\jfree\chart\renderer\category\GroupedStackedBarRenderer.java, GroupedStackedBarRenderer, 114, 332, 2.91
, C:\jfreechart-master\src\main\java\org\jfree\chart\renderer\category\IntervalBarRenderer.java, IntervalBarRenderer, 103, 220, 2.14
, C:\jfreechart-master\src\main\java\org\jfree\chart\renderer\category\LayeredBarRenderer.java, LayeredBarRenderer, 147, 428, 2.91
, C:\jfreechart-master\src\main\java\org\jfree\chart\renderer\category\LevelRenderer.java, LevelRenderer, 182, 403, 2.21
, C:\jfreechart-master\src\main\java\org\jfree\chart\renderer\category\LineAndShapeRenderer.java, LineAndShapeRenderer, 396, 774, 1.95
, C:\jfreechart-master\src\main\java\org\jfree\chart\renderer\category\MinMaxCategoryRenderer.java, MinMaxCategoryRenderer, 226, 493, 2.18
, C:\jfreechart-master\src\main\java\org\jfree\chart\renderer\category\package-info.java, package-info, 3, 4, 1.33
, C:\jfreechart-master\src\main\java\org\jfree\chart\renderer\category\ScatterRenderer.java, ScatterRenderer, 265, 534, 2.02
, C:\jfreechart-master\src\main\java\org\jfree\chart\renderer\category\StackedAreaRenderer.java, StackedAreaRenderer, 156, 438, 2.81
, C:\jfreechart-master\src\main\java\org\jfree\chart\renderer\category\StackedBarRenderer.java, StackedBarRenderer, 131, 346, 2.64
, C:\jfreechart-master\src\main\java\org\jfree\chart\renderer\category\StandardBarPainter.java, StandardBarPainter, 96, 202, 2.1
, C:\jfreechart-master\src\main\java\org\jfree\chart\renderer\category\StatisticalBarRenderer.java, StatisticalBarRenderer, 186, 518, 2.78
, C:\jfreechart-master\src\main\java\org\jfree\chart\renderer\category\StatisticalLineAndShapeRenderer.java, StatisticalLineAndShapeRenderer, 158, 426, 2.7
, C:\jfreechart-master\src\main\java\org\jfree\chart\renderer\category\WaterfallBarRenderer.java, WaterfallBarRenderer, 169, 429, 2.54
][C:\jfreechart-master\src\main\java\org\jfree\chart\renderer\xy\AbstractXYItemRenderer.java, AbstractXYItemRenderer, 552, 1524, 2.76
, C:\jfreechart-master\src\main\java\org\jfree\chart\renderer\xy\CandlestickRenderer.java, CandlestickRenderer, 390, 818, 2.1
, C:\jfreechart-master\src\main\java\org\jfree\chart\renderer\xy\ClusteredXYBarRenderer.java, ClusteredXYBarRenderer, 131, 328, 2.5
, C:\jfreechart-master\src\main\java\org\jfree\chart\renderer\xy\CyclicXYItemRenderer.java, CyclicXYItemRenderer, 188, 437, 2.32
, C:\jfreechart-master\src\main\java\org\jfree\chart\renderer\xy\DefaultXYItemRenderer.java, DefaultXYItemRenderer, 46, 52, 1.13
, C:\jfreechart-master\src\main\java\org\jfree\chart\renderer\xy\DeviationRenderer.java, DeviationRenderer, 174, 342, 1.97
, C:\jfreechart-master\src\main\java\org\jfree\chart\renderer\xy\DeviationStepRenderer.java, DeviationStepRenderer, 109, 282, 2.59
, C:\jfreechart-master\src\main\java\org\jfree\chart\renderer\xy\GradientXYBarPainter.java, GradientXYBarPainter, 125, 339, 2.71
, C:\jfreechart-master\src\main\java\org\jfree\chart\renderer\xy\HighLowRenderer.java, HighLowRenderer, 206, 448, 2.17
, C:\jfreechart-master\src\main\java\org\jfree\chart\renderer\xy\package-info.java, package-info, 3, 4, 1.33
, C:\jfreechart-master\src\main\java\org\jfree\chart\renderer\xy\SamplingXYLineRenderer.java, SamplingXYLineRenderer, 163, 333, 2.04
, C:\jfreechart-master\src\main\java\org\jfree\chart\renderer\xy\StackedXYAreaRenderer.java, StackedXYAreaRenderer, 274, 609, 2.22
, C:\jfreechart-master\src\main\java\org\jfree\chart\renderer\xy\StackedXYAreaRenderer2.java, StackedXYAreaRenderer2, 170, 493, 2.9
, C:\jfreechart-master\src\main\java\org\jfree\chart\renderer\xy\StackedXYBarRenderer.java, StackedXYBarRenderer, 150, 374, 2.49
, C:\jfreechart-master\src\main\java\org\jfree\chart\renderer\xy\StandardXYBarPainter.java, StandardXYBarPainter, 96, 202, 2.1
, C:\jfreechart-master\src\main\java\org\jfree\chart\renderer\xy\StandardXYItemRenderer.java, StandardXYItemRenderer, 436, 902, 2.07
, C:\jfreechart-master\src\main\java\org\jfree\chart\renderer\xy\VectorRenderer.java, VectorRenderer, 108, 314, 2.91
, C:\jfreechart-master\src\main\java\org\jfree\chart\renderer\xy\WindItemRenderer.java, WindItemRenderer, 73, 157, 2.15
, C:\jfreechart-master\src\main\java\org\jfree\chart\renderer\xy\XYAreaRenderer.java, XYAreaRenderer, 265, 649, 2.45
, C:\jfreechart-master\src\main\java\org\jfree\chart\renderer\xy\XYAreaRenderer2.java, XYAreaRenderer2, 159, 392, 2.47
, C:\jfreechart-master\src\main\java\org\jfree\chart\renderer\xy\XYBarPainter.java, XYBarPainter, 69, 80, 1.16
, C:\jfreechart-master\src\main\java\org\jfree\chart\renderer\xy\XYBarRenderer.java, XYBarRenderer, 463, 1084, 2.34
, C:\jfreechart-master\src\main\java\org\jfree\chart\renderer\xy\XYBlockRenderer.java, XYBlockRenderer, 228, 484, 2.12
, C:\jfreechart-master\src\main\java\org\jfree\chart\renderer\xy\XYBoxAndWhiskerRenderer.java, XYBoxAndWhiskerRenderer, 301, 733, 2.44
, C:\jfreechart-master\src\main\java\org\jfree\chart\renderer\xy\XYBubbleRenderer.java, XYBubbleRenderer, 119, 311, 2.61
, C:\jfreechart-master\src\main\java\org\jfree\chart\renderer\xy\XYDifferenceRenderer.java, XYDifferenceRenderer, 354, 1057, 2.99
, C:\jfreechart-master\src\main\java\org\jfree\chart\renderer\xy\XYDotRenderer.java, XYDotRenderer, 167, 336, 2.01
, C:\jfreechart-master\src\main\java\org\jfree\chart\renderer\xy\XYErrorRenderer.java, XYErrorRenderer, 204, 415, 2.03
, C:\jfreechart-master\src\main\java\org\jfree\chart\renderer\xy\XYItemRenderer.java, XYItemRenderer, 1158, 1327, 1.15
, C:\jfreechart-master\src\main\java\org\jfree\chart\renderer\xy\XYItemRendererState.java, XYItemRendererState, 145, 182, 1.26
, C:\jfreechart-master\src\main\java\org\jfree\chart\renderer\xy\XYLineAndShapeRenderer.java, XYLineAndShapeRenderer, 559, 1078, 1.93
, C:\jfreechart-master\src\main\java\org\jfree\chart\renderer\xy\XYShapeRenderer.java, XYShapeRenderer, 292, 562, 1.92
, C:\jfreechart-master\src\main\java\org\jfree\chart\renderer\xy\XYSplineRenderer.java, XYSplineRenderer, 210, 463, 2.2
, C:\jfreechart-master\src\main\java\org\jfree\chart\renderer\xy\XYStepAreaRenderer.java, XYStepAreaRenderer, 272, 565, 2.08
, C:\jfreechart-master\src\main\java\org\jfree\chart\renderer\xy\XYStepRenderer.java, XYStepRenderer, 152, 316, 2.08
, C:\jfreechart-master\src\main\java\org\jfree\chart\renderer\xy\YIntervalRenderer.java, YIntervalRenderer, 135, 277, 2.05
][C:\jfreechart-master\src\main\java\org\jfree\chart\swing\AbstractOverlay.java, AbstractOverlay, 69, 101, 1.46
, C:\jfreechart-master\src\main\java\org\jfree\chart\swing\ApplicationFrame.java, ApplicationFrame, 79, 114, 1.44
, C:\jfreechart-master\src\main\java\org\jfree\chart\swing\ChartFrame.java, ChartFrame, 58, 83, 1.43
, C:\jfreechart-master\src\main\java\org\jfree\chart\swing\ChartMouseEvent.java, ChartMouseEvent, 68, 96, 1.41
, C:\jfreechart-master\src\main\java\org\jfree\chart\swing\ChartMouseListener.java, ChartMouseListener, 52, 59, 1.13
, C:\jfreechart-master\src\main\java\org\jfree\chart\swing\ChartPanel.java, ChartPanel, 1190, 2750, 2.31
, C:\jfreechart-master\src\main\java\org\jfree\chart\swing\CrosshairOverlay.java, CrosshairOverlay, 173, 567, 3.28
, C:\jfreechart-master\src\main\java\org\jfree\chart\swing\DefaultSelectionZoomStrategy.java, DefaultSelectionZoomStrategy, 83, 239, 2.88
, C:\jfreechart-master\src\main\java\org\jfree\chart\swing\MouseWheelHandler.java, MouseWheelHandler, 75, 139, 1.85
, C:\jfreechart-master\src\main\java\org\jfree\chart\swing\NumberCellRenderer.java, NumberCellRenderer, 48, 78, 1.63
, C:\jfreechart-master\src\main\java\org\jfree\chart\swing\Overlay.java, Overlay, 71, 78, 1.1
, C:\jfreechart-master\src\main\java\org\jfree\chart\swing\OverlayChangeEvent.java, OverlayChangeEvent, 44, 50, 1.14
, C:\jfreechart-master\src\main\java\org\jfree\chart\swing\OverlayChangeListener.java, OverlayChangeListener, 43, 48, 1.12
, C:\jfreechart-master\src\main\java\org\jfree\chart\swing\package-info.java, package-info, 3, 4, 1.33
, C:\jfreechart-master\src\main\java\org\jfree\chart\swing\PolarChartPanel.java, PolarChartPanel, 99, 215, 2.17
, C:\jfreechart-master\src\main\java\org\jfree\chart\swing\SelectionZoomStrategy.java, SelectionZoomStrategy, 136, 160, 1.18
, C:\jfreechart-master\src\main\java\org\jfree\chart\swing\UIUtils.java, UIUtils, 96, 181, 1.89
][C:\jfreechart-master\src\main\java\org\jfree\chart\swing\editor\ChartEditor.java, ChartEditor, 46, 52, 1.13
, C:\jfreechart-master\src\main\java\org\jfree\chart\swing\editor\ChartEditorFactory.java, ChartEditorFactory, 45, 50, 1.11
, C:\jfreechart-master\src\main\java\org\jfree\chart\swing\editor\ChartEditorManager.java, ChartEditorManager, 63, 81, 1.29
, C:\jfreechart-master\src\main\java\org\jfree\chart\swing\editor\DefaultAxisEditor.java, DefaultAxisEditor, 167, 443, 2.65
, C:\jfreechart-master\src\main\java\org\jfree\chart\swing\editor\DefaultChartEditor.java, DefaultChartEditor, 90, 233, 2.59
, C:\jfreechart-master\src\main\java\org\jfree\chart\swing\editor\DefaultChartEditorFactory.java, DefaultChartEditorFactory, 48, 58, 1.21
, C:\jfreechart-master\src\main\java\org\jfree\chart\swing\editor\DefaultLogAxisEditor.java, DefaultLogAxisEditor, 66, 148, 2.24
, C:\jfreechart-master\src\main\java\org\jfree\chart\swing\editor\DefaultNumberAxisEditor.java, DefaultNumberAxisEditor, 54, 151, 2.8
, C:\jfreechart-master\src\main\java\org\jfree\chart\swing\editor\DefaultPlotEditor.java, DefaultPlotEditor, 168, 561, 3.34
, C:\jfreechart-master\src\main\java\org\jfree\chart\swing\editor\DefaultPolarPlotEditor.java, DefaultPolarPlotEditor, 77, 187, 2.43
, C:\jfreechart-master\src\main\java\org\jfree\chart\swing\editor\DefaultTitleEditor.java, DefaultTitleEditor, 98, 253, 2.58
, C:\jfreechart-master\src\main\java\org\jfree\chart\swing\editor\DefaultValueAxisEditor.java, DefaultValueAxisEditor, 141, 367, 2.6
, C:\jfreechart-master\src\main\java\org\jfree\chart\swing\editor\FontChooserPanel.java, FontChooserPanel, 69, 182, 2.64
, C:\jfreechart-master\src\main\java\org\jfree\chart\swing\editor\FontDisplayField.java, FontDisplayField, 57, 86, 1.51
, C:\jfreechart-master\src\main\java\org\jfree\chart\swing\editor\LCBLayout.java, LCBLayout, 89, 236, 2.65
, C:\jfreechart-master\src\main\java\org\jfree\chart\swing\editor\package-info.java, package-info, 3, 4, 1.33
, C:\jfreechart-master\src\main\java\org\jfree\chart\swing\editor\PaintSample.java, PaintSample, 57, 100, 1.75
, C:\jfreechart-master\src\main\java\org\jfree\chart\swing\editor\StrokeChooserPanel.java, StrokeChooserPanel, 53, 83, 1.57
, C:\jfreechart-master\src\main\java\org\jfree\chart\swing\editor\StrokeSample.java, StrokeSample, 74, 146, 1.97
][C:\jfreechart-master\src\main\java\org\jfree\chart\text\AttributedStringUtils.java, AttributedStringUtils, 45, 88, 1.96
, C:\jfreechart-master\src\main\java\org\jfree\chart\text\G2TextMeasurer.java, G2TextMeasurer, 45, 63, 1.4
, C:\jfreechart-master\src\main\java\org\jfree\chart\text\package-info.java, package-info, 3, 4, 1.33
, C:\jfreechart-master\src\main\java\org\jfree\chart\text\TextAnchor.java, TextAnchor, 94, 145, 1.54
, C:\jfreechart-master\src\main\java\org\jfree\chart\text\TextBlock.java, TextBlock, 135, 272, 2.01
, C:\jfreechart-master\src\main\java\org\jfree\chart\text\TextBlockAnchor.java, TextBlockAnchor, 43, 55, 1.28
, C:\jfreechart-master\src\main\java\org\jfree\chart\text\TextBox.java, TextBox, 174, 378, 2.17
, C:\jfreechart-master\src\main\java\org\jfree\chart\text\TextFragment.java, TextFragment, 142, 268, 1.89
, C:\jfreechart-master\src\main\java\org\jfree\chart\text\TextLine.java, TextLine, 114, 222, 1.95
, C:\jfreechart-master\src\main\java\org\jfree\chart\text\TextMeasurer.java, TextMeasurer, 40, 44, 1.1
, C:\jfreechart-master\src\main\java\org\jfree\chart\text\TextUtils.java, TextUtils, 307, 699, 2.28
][C:\jfreechart-master\src\main\java\org\jfree\chart\text\format\HexNumberFormat.java, HexNumberFormat, 91, 136, 1.49
, C:\jfreechart-master\src\main\java\org\jfree\chart\text\format\HMSNumberFormat.java, HMSNumberFormat, 74, 105, 1.42
, C:\jfreechart-master\src\main\java\org\jfree\chart\text\format\LogFormat.java, LogFormat, 125, 222, 1.78
, C:\jfreechart-master\src\main\java\org\jfree\chart\text\format\package-info.java, package-info, 3, 4, 1.33
, C:\jfreechart-master\src\main\java\org\jfree\chart\text\format\RelativeDateFormat.java, RelativeDateFormat, 272, 501, 1.84
][C:\jfreechart-master\src\main\java\org\jfree\chart\title\CompositeTitle.java, CompositeTitle, 126, 223, 1.77
, C:\jfreechart-master\src\main\java\org\jfree\chart\title\DateTitle.java, DateTitle, 117, 154, 1.32
, C:\jfreechart-master\src\main\java\org\jfree\chart\title\ImageTitle.java, ImageTitle, 154, 330, 2.14
, C:\jfreechart-master\src\main\java\org\jfree\chart\title\package-info.java, package-info, 3, 4, 1.33
, C:\jfreechart-master\src\main\java\org\jfree\chart\title\ShortTextTitle.java, ShortTextTitle, 104, 223, 2.14
, C:\jfreechart-master\src\main\java\org\jfree\chart\title\TextTitle.java, TextTitle, 332, 800, 2.41
, C:\jfreechart-master\src\main\java\org\jfree\chart\title\Title.java, Title, 216, 396, 1.83
][C:\jfreechart-master\src\main\java\org\jfree\chart\urls\CategoryURLGenerator.java, CategoryURLGenerator, 67, 73, 1.09
, C:\jfreechart-master\src\main\java\org\jfree\chart\urls\CustomCategoryURLGenerator.java, CustomCategoryURLGenerator, 91, 179, 1.97
, C:\jfreechart-master\src\main\java\org\jfree\chart\urls\CustomPieURLGenerator.java, CustomPieURLGenerator, 109, 204, 1.87
, C:\jfreechart-master\src\main\java\org\jfree\chart\urls\CustomXYURLGenerator.java, CustomXYURLGenerator, 104, 193, 1.86
, C:\jfreechart-master\src\main\java\org\jfree\chart\urls\package-info.java, package-info, 3, 4, 1.33
, C:\jfreechart-master\src\main\java\org\jfree\chart\urls\PieURLGenerator.java, PieURLGenerator, 59, 64, 1.08
, C:\jfreechart-master\src\main\java\org\jfree\chart\urls\StandardCategoryURLGenerator.java, StandardCategoryURLGenerator, 94, 179, 1.9
, C:\jfreechart-master\src\main\java\org\jfree\chart\urls\StandardPieURLGenerator.java, StandardPieURLGenerator, 82, 151, 1.84
, C:\jfreechart-master\src\main\java\org\jfree\chart\urls\StandardXYURLGenerator.java, StandardXYURLGenerator, 82, 140, 1.71
, C:\jfreechart-master\src\main\java\org\jfree\chart\urls\StandardXYZURLGenerator.java, StandardXYZURLGenerator, 51, 60, 1.18
, C:\jfreechart-master\src\main\java\org\jfree\chart\urls\TimeSeriesURLGenerator.java, TimeSeriesURLGenerator, 93, 183, 1.97
, C:\jfreechart-master\src\main\java\org\jfree\chart\urls\XYURLGenerator.java, XYURLGenerator, 61, 66, 1.08
, C:\jfreechart-master\src\main\java\org\jfree\chart\urls\XYZURLGenerator.java, XYZURLGenerator, 56, 61, 1.09
][C:\jfreechart-master\src\main\java\org\jfree\chart\util\AttrStringUtils.java, AttrStringUtils, 117, 299, 2.56
, C:\jfreechart-master\src\main\java\org\jfree\chart\util\DefaultShadowGenerator.java, DefaultShadowGenerator, 126, 284, 2.25
, C:\jfreechart-master\src\main\java\org\jfree\chart\util\DirectionalGradientPaintTransformer.java, DirectionalGradientPaintTransformer, 77, 125, 1.62
, C:\jfreechart-master\src\main\java\org\jfree\chart\util\ExportUtils.java, ExportUtils, 99, 211, 2.13
, C:\jfreechart-master\src\main\java\org\jfree\chart\util\GradientPaintTransformer.java, GradientPaintTransformer, 41, 47, 1.15
, C:\jfreechart-master\src\main\java\org\jfree\chart\util\GradientPaintTransformType.java, GradientPaintTransformType, 33, 40, 1.21
, C:\jfreechart-master\src\main\java\org\jfree\chart\util\package-info.java, package-info, 3, 4, 1.33
, C:\jfreechart-master\src\main\java\org\jfree\chart\util\PaintAlpha.java, PaintAlpha, 225, 355, 1.58
, C:\jfreechart-master\src\main\java\org\jfree\chart\util\ShadowGenerator.java, ShadowGenerator, 61, 68, 1.11
, C:\jfreechart-master\src\main\java\org\jfree\chart\util\StandardGradientPaintTransformer.java, StandardGradientPaintTransformer, 77, 156, 2.03
, C:\jfreechart-master\src\main\java\org\jfree\chart\util\StringUtils.java, StringUtils, 62, 87, 1.4
